topic_id,topic_label,n_documents,mean_confidence,std_confidence,ci_lower,ci_upper,margin_of_error,confidence_level
0,STRATEGIC DEFENSE: NUCLEAR WEAPON SYSTEMS,49,0.8144771534484463,0.1903404426187498,0.7598049949183264,0.8691493119785662,0.054672158530119856,VERY HIGH
1,UKRAINE: KIEV REGIME AND DONBAS INDEPENDENCE,31,0.836016555487207,0.1713928831209571,0.7731491384067054,0.8988839725677086,0.06286741708050156,VERY HIGH
2,HISTORICAL MEMORIES: LENINGRAD SIEGE,14,0.919095091467287,0.17000619432542569,0.8209364372508101,1.0172537456837638,0.09815865421647686,VERY HIGH
3,ECONOMIC DEVELOPMENT: TECHNOLOGY AND INDUSTRY POLICY,5,0.8089513224872931,0.2599593127810548,0.4861692028092651,1.131733442165321,0.32278211967802795,VERY HIGH
4,TERROR ATTACKS: CRIMEAN BRIDGE SECURITY,27,0.8676541646626672,0.1836379526170397,0.7950094100540626,0.9402989192712718,0.07264475460860463,VERY HIGH
